{
  "id": "4451214",
  "name": "oj",
  "font_family": "iconfont",
  "css_prefix_text": "icon-",
  "description": "",
  "glyphs": [
    {
      "icon_id": "20009319",
      "name": "terminal终端",
      "font_class": "terminalzhongduan",
      "unicode": "e6ea",
      "unicode_decimal": 59114
    },
    {
      "icon_id": "2115690",
      "name": "问题列表",
      "font_class": "wentiliebiao",
      "unicode": "e6bf",
      "unicode_decimal": 59071
    },
    {
      "icon_id": "12889882",
      "name": "统计分析-项目表格统计",
      "font_class": "tongjifenxi-xiangmubiaogetongji",
      "unicode": "e626",
      "unicode_decimal": 58918
    },
    {
      "icon_id": "20025201",
      "name": "问题列表",
      "font_class": "wentiliebiao1",
      "unicode": "e611",
      "unicode_decimal": 58897
    },
    {
      "icon_id": "36133997",
      "name": "调试",
      "font_class": "tiaoshi",
      "unicode": "e609",
      "unicode_decimal": 58889
    },
    {
      "icon_id": "14994164",
      "name": "比赛活动",
      "font_class": "bisaihuodong",
      "unicode": "e608",
      "unicode_decimal": 58888
    },
    {
      "icon_id": "3099627",
      "name": "online",
      "font_class": "online",
      "unicode": "e607",
      "unicode_decimal": 58887
    },
    {
      "icon_id": "4766478",
      "name": "file",
      "font_class": "file",
      "unicode": "e7bb",
      "unicode_decimal": 59323
    },
    {
      "icon_id": "4766995",
      "name": "fork",
      "font_class": "fork",
      "unicode": "e7e8",
      "unicode_decimal": 59368
    },
    {
      "icon_id": "8288873",
      "name": "设置",
      "font_class": "shezhi",
      "unicode": "e851",
      "unicode_decimal": 59473
    },
    {
      "icon_id": "19457237",
      "name": "judge",
      "font_class": "panduanti",
      "unicode": "e6b0",
      "unicode_decimal": 59056
    }
  ]
}
